project_name,project_type,region,capacity_mw,setup_cost,maintenance_cost,duration_years,expected_generation_mwh,co2_saved_tons_per_year,beneficiary_count,risk_score,subsidy_eligible,job_creation_count
Project_1,Hybrid,Rural,13.87,13870000.0,308283.2383091597,25,34020.336,17010.168,15210,50.0,True,31
Project_2,Solar,Rural,79.63,63704000.0,2212403.244542085,22,139511.75999999998,69755.87999999999,85258,50.0,True,184
Project_3,Hybrid,Semi-Urban,62.74,69014000.0,2195325.0050831605,20,153888.67200000002,76944.33600000001,152968,60.0,False,131
Project_4,Hybrid,Rural,147.39,147390000.0,4437486.318271092,21,361518.192,180759.096,119476,70.0,True,324
Project_5,Solar,Urban,18.58,17836799.999999996,606923.8657786864,30,32552.16,16276.08,89909,60.0,True,36
Project_6,Solar,Urban,60.88,58444800.0,2115036.023088885,24,106661.76000000001,53330.880000000005,244311,60.0,True,136
Project_7,Hybrid,Urban,145.48,174576000.0,4967086.623440918,25,356833.344,178416.672,662769,80.0,False,322
Project_8,Wind,Semi-Urban,130.1,171732000.0,3785695.504146133,20,398886.6,199443.3,371554,65.0,True,368
Project_9,Hybrid,Rural,122.93,122930000.0,3942920.8207186386,22,301522.704,150761.352,138032,70.0,True,335
Project_10,Hybrid,Urban,40.17,48204000.0,1084422.407083522,24,98528.97600000001,49264.488000000005,234777,60.0,False,83
Project_11,Hybrid,Semi-Urban,27.29,30019000.000000004,1098337.972324213,22,66936.91200000001,33468.456000000006,85751,55.0,False,78
Project_12,Hybrid,Rural,100.96,100960000.0,2407469.1214462477,24,247634.68800000002,123817.34400000001,83576,70.0,True,268
Project_13,Solar,Semi-Urban,139.55,122804000.00000003,4875862.872464475,24,244491.6,122245.8,478151,65.0,True,320
Project_14,Hybrid,Urban,84.4,101280000.0,2588663.330459803,23,207016.32,103508.16,444903,70.0,False,199
Project_15,Wind,Urban,86.6,124704000.0,3380153.5480234567,20,265515.6,132757.8,462474,60.0,True,280
Project_16,Solar,Urban,43.44,41702400.0,1374540.6169941507,30,76106.87999999999,38053.439999999995,226681,60.0,True,75
Project_17,Wind,Semi-Urban,115.88,152961600.0,3559118.1377962916,18,355288.07999999996,177644.03999999998,330877,65.0,True,415
Project_18,Wind,Semi-Urban,29.68,39177600.0,1322762.6788543393,25,90998.87999999999,45499.439999999995,79053,50.0,True,82
Project_19,Wind,Urban,49.9,71856000.0,1766289.5651810537,15,152993.4,76496.7,202803,50.0,True,138
Project_20,Wind,Semi-Urban,64.96,85747199.99999999,1828453.7513759113,19,199167.36,99583.68,227084,55.0,True,200
Project_21,Solar,Urban,77.13,74044800.0,1795773.7985836007,25,135131.75999999998,67565.87999999999,385531,60.0,True,177
Project_22,Solar,Urban,37.88,36364800.0,1061017.1169794048,30,66365.76000000001,33182.880000000005,171587,60.0,True,68
Project_23,Wind,Rural,19.0,22800000.0,701773.6440882845,23,58253.99999999999,29126.999999999996,20877,45.0,True,55
Project_24,Wind,Semi-Urban,92.37,121928400.00000001,3412533.2910192083,24,283206.42,141603.21,245998,60.0,True,332
Project_25,Solar,Urban,44.72,42931200.0,1282368.5402162746,28,78349.44,39174.72,246477,60.0,True,102
Project_26,Solar,Urban,88.02,84499200.0,2750357.771341555,22,154211.04,77105.52,491517,60.0,True,170
Project_27,Solar,Semi-Urban,24.85,21868000.0,605641.8314339593,21,43537.200000000004,21768.600000000002,77409,45.0,True,49
Project_28,Hybrid,Rural,73.21,73210000.0,2886052.96050186,22,179569.488,89784.744,83775,60.0,True,147
Project_29,Hybrid,Rural,80.82,80820000.0,1801561.437358831,25,198235.296,99117.648,93259,60.0,True,222
Project_30,Hybrid,Urban,9.67,11604000.0,311027.923781045,25,23718.576,11859.288,44356,60.0,False,20
Project_31,Wind,Semi-Urban,51.82,68402400.0,2672913.9720133585,15,158880.12,79440.06,178832,55.0,True,140
Project_32,Hybrid,Rural,21.89,21890000.0,771387.050744994,24,53691.792,26845.896,21957,50.0,True,46
Project_33,Wind,Semi-Urban,11.38,15021600.000000004,390094.3655844958,25,34891.08,17445.54,36037,50.0,True,35
Project_34,Wind,Semi-Urban,148.51,196033200.00000003,5386654.580955422,17,455331.6599999999,227665.82999999996,385213,65.0,True,526
Project_35,Hybrid,Urban,49.71,59652000.0,2288839.478553849,24,121928.68800000002,60964.34400000001,258387,60.0,True,123
Project_36,Wind,Rural,121.86,146232000.0,5641918.9770721495,16,373622.76,186811.38,140320,60.0,True,414
Project_37,Hybrid,Urban,39.69,47628000.0,1180652.6927356212,22,97351.632,48675.816,177880,60.0,False,101
Project_38,Hybrid,Rural,102.86,102860000.0,2233406.2815940403,20,252295.00800000003,126147.50400000002,102283,65.0,True,212
Project_39,Solar,Rural,114.51,91608000.0,3235291.2079990907,28,200621.52000000002,100310.76000000001,97488,70.0,True,226
Project_40,Hybrid,Rural,90.15,90150000.0,2100723.9070303524,24,221119.92,110559.96,91147,60.0,True,234
Project_41,Solar,Rural,71.79,57432000.00000001,2215627.1946020206,23,125776.08000000002,62888.04000000001,79120,50.0,True,154
Project_42,Hybrid,Rural,62.95,62950000.0,1651450.8107478267,25,154403.76,77201.88,75417,60.0,True,166
Project_43,Hybrid,Semi-Urban,53.63,58993000.00000001,2241278.673906826,23,131543.66400000002,65771.83200000001,157767,65.0,False,120
Project_44,Solar,Urban,139.57,133987200.0,3585726.75665127,21,244526.64,122263.32,722500,70.0,True,249
Project_45,Solar,Semi-Urban,124.93,109938400.00000001,2214578.9866535766,23,218877.36000000002,109438.68000000001,405948,65.0,True,205
Project_46,Hybrid,Rural,144.82,144820000.0,5518858.525670949,20,355214.49600000004,177607.24800000002,165652,65.0,True,299
Project_47,Wind,Urban,20.4,29376000.0,751130.9621244507,18,62546.399999999994,31273.199999999997,101404,50.0,True,62
Project_48,Solar,Rural,110.17,88136000.0,2778419.799196025,29,193017.84000000003,96508.92000000001,98844,70.0,True,217
Project_49,Wind,Urban,140.87,202852800.0,4829559.685521343,21,431907.42,215953.71,590789,75.0,True,410
Project_50,Wind,Semi-Urban,28.82,38042400.0,1073634.3445278911,21,88362.12,44181.06,99042,50.0,True,71
Project_51,Wind,Urban,11.84,17049600.0,676584.4637541034,25,36301.439999999995,18150.719999999998,49690,55.0,True,34
Project_52,Solar,Urban,111.69,107222400.0,3861277.0087323487,25,195680.88,97840.44,471168,70.0,True,195
Project_53,Wind,Urban,87.02,125308800.0,3630480.5068542473,23,266803.31999999995,133401.65999999997,421504,65.0,True,237
Project_54,Solar,Urban,126.59,121526400.0,4555990.5969752595,23,221785.68000000005,110892.84000000003,525445,70.0,True,284
Project_55,Wind,Urban,22.69,32673600.0,717452.6124353561,23,69567.54000000001,34783.770000000004,120354,55.0,True,69
Project_56,Hybrid,Rural,119.7,119700000.0,4713777.039939694,20,293600.16000000003,146800.08000000002,140114,65.0,True,340
Project_57,Hybrid,Urban,31.84,38208000.0,1074725.3665249608,21,78097.15200000002,39048.57600000001,158012,60.0,False,91
Project_58,Solar,Urban,26.22,25171200.0,586306.2782044422,20,45937.44,22968.72,104993,45.0,True,50
Project_59,Hybrid,Semi-Urban,26.31,28941000.000000004,743927.9586990564,23,64533.168,32266.584,85136,55.0,False,71
Project_60,Hybrid,Urban,122.56,147072000.0,4888294.7518244,24,300615.16800000006,150307.58400000003,609532,80.0,False,268
Project_61,Wind,Semi-Urban,100.45,132594000.00000001,5220780.990774414,18,307979.69999999995,153989.84999999998,310894,65.0,True,306
Project_62,Solar,Rural,79.41,63528000.0,1343191.9091453317,25,139126.32,69563.16,82083,50.0,True,159
Project_63,Wind,Urban,55.11,79358400.0,1837040.1879382539,23,168967.25999999998,84483.62999999999,326337,65.0,True,137
Project_64,Wind,Semi-Urban,131.83,174015600.00000006,3718787.6164650023,17,404190.77999999997,202095.38999999998,327143,65.0,True,452
Project_65,Wind,Semi-Urban,60.08,79305600.0,1776265.597020901,21,184205.27999999997,92102.63999999998,208378,60.0,True,161
Project_66,Wind,Rural,122.86,147432000.0,3065823.855092027,24,376688.76,188344.38,102316,65.0,True,391
Project_67,Wind,Urban,66.99,96465600.0,2937922.9664683947,24,205391.33999999997,102695.66999999998,393191,65.0,True,177
Project_68,Wind,Urban,57.79,83217600.0,2061609.4426080887,20,177184.13999999998,88592.06999999999,276904,60.0,True,185
Project_69,Wind,Semi-Urban,70.48,93033600.00000001,2711416.9598938087,19,216091.68,108045.84,247724,55.0,True,248
Project_70,Solar,Urban,46.6,44736000.0,1304757.2227973014,20,81643.20000000001,40821.600000000006,279455,45.0,True,111
Project_71,Hybrid,Semi-Urban,112.65,123915000.00000001,3810719.3436850635,20,276307.92000000004,138153.96000000002,338745,70.0,False,240
Project_72,Wind,Urban,76.4,110016000.0,4138503.058645747,20,234242.4,117121.2,439952,60.0,True,217
Project_73,Wind,Semi-Urban,36.37,48008400.00000001,1380898.805095667,17,111510.41999999998,55755.20999999999,110996,45.0,True,100
Project_74,Wind,Urban,135.14,194601599.99999997,5950686.1017101975,25,414339.23999999993,207169.61999999997,721070,75.0,True,414
Project_75,Wind,Rural,58.82,70584000.0,1557910.9930279008,25,180342.12,90171.06,67716,55.0,True,159
Project_76,Wind,Urban,82.45,118728000.0,4137472.9611139204,16,252791.69999999998,126395.84999999999,355433,60.0,True,225
Project_77,Wind,Urban,136.16,196070400.0,6735458.171543579,18,417466.55999999994,208733.27999999997,600083,70.0,True,430
Project_78,Hybrid,Rural,94.39,94390000.0,2841911.21987738,22,231519.79200000002,115759.89600000001,84993,60.0,True,274
Project_79,Hybrid,Urban,19.3,23160000.0,505952.6502445381,20,47339.04,23669.52,93550,55.0,False,43
Project_80,Wind,Rural,141.1,169320000.0,4515955.862332271,15,432612.6,216306.3,120263,60.0,True,504
Project_81,Hybrid,Urban,94.9,113880000.0,3965827.5168532473,21,232770.72000000003,116385.36000000002,484308,70.0,False,230
Project_82,Solar,Semi-Urban,51.57,45381600.0,1009172.3139870593,20,90350.64000000001,45175.32000000001,182251,50.0,True,111
Project_83,Wind,Semi-Urban,22.61,29845200.000000004,922569.0259879333,17,69322.26,34661.13,76908,45.0,True,70
Project_84,Solar,Urban,119.52,114739200.0,3281051.672131389,22,209399.04,104699.52,488078,70.0,True,226
Project_85,Solar,Urban,93.77,90019200.0,3418793.532808081,20,164285.04,82142.52,414477,55.0,True,168
Project_86,Wind,Urban,80.95,116568000.0,3155912.2215951364,16,248192.69999999998,124096.34999999999,414445,60.0,True,279
Project_87,Hybrid,Semi-Urban,134.3,147730000.0,5169006.549884701,24,329411.04000000004,164705.52000000002,471516,75.0,False,300
Project_88,Solar,Urban,118.71,113961600.0,4504232.028849305,22,207979.92,103989.96,667333,70.0,True,273
Project_89,Wind,Semi-Urban,24.45,32274000.000000004,761253.7210231844,15,74963.7,37481.85,85804,45.0,True,81
Project_90,Solar,Rural,48.13,38504000.0,1387865.2357927118,26,84323.76000000001,42161.880000000005,55138,50.0,True,108
Project_91,Solar,Semi-Urban,38.78,34126400.0,791184.9853739525,24,67942.56,33971.28,125706,45.0,True,73
Project_92,Solar,Semi-Urban,112.1,98648000.00000001,3666930.1411593906,20,196399.2,98199.6,298961,60.0,True,252
Project_93,Solar,Rural,6.96,5568000.0,150297.9621462975,27,12193.92,6096.96,7852,50.0,True,15
Project_94,Hybrid,Semi-Urban,86.34,94974000.00000001,1944430.1204267135,21,211774.75200000004,105887.37600000002,227225,65.0,False,201
Project_95,Solar,Urban,114.84,110246400.0,4336848.858411144,21,201199.68000000002,100599.84000000001,523469,70.0,True,242
Project_96,Solar,Urban,131.76,126489600.0,4248831.499682848,26,230843.52,115421.76,749361,80.0,True,245
Project_97,Solar,Semi-Urban,52.63,46314400.00000001,1033127.6806389553,20,92207.76000000001,46103.880000000005,187598,50.0,True,91
Project_98,Hybrid,Urban,123.55,148260000.0,3078640.241591895,22,303043.44,151521.72,641612,80.0,False,289
Project_99,Solar,Semi-Urban,18.37,16165600.000000002,464403.37938197405,25,32184.240000000005,16092.120000000003,65784,45.0,True,31
Project_100,Solar,Urban,127.27,122179200.0,2908057.452113419,29,222977.04,111488.52,520378,80.0,True,248
Project_101,Hybrid,Urban,20.87,25044000.0,964482.0888951805,24,51189.93600000001,25594.968000000004,105954,60.0,False,56
Project_102,Hybrid,Semi-Urban,60.8,66880000.00000001,2323461.6188126258,25,149130.24000000002,74565.12000000001,160295,65.0,False,147
Project_103,Hybrid,Urban,120.0,144000000.0,5531820.065907956,25,294336.0,147168.0,629557,80.0,False,319
Project_104,Solar,Semi-Urban,24.19,21287200.0,732175.0589526113,21,42380.880000000005,21190.440000000002,66773,45.0,True,44
Project_105,Hybrid,Urban,35.93,43116000.0,1143594.042516633,23,88129.104,44064.552,193821,60.0,False,91
Project_106,Hybrid,Urban,108.89,130668000.0,3712137.6308287675,21,267085.39200000005,133542.69600000003,640352,80.0,False,291
Project_107,Solar,Rural,108.57,86856000.0,2806343.270797462,22,190214.64,95107.32,99925,60.0,True,221
Project_108,Hybrid,Rural,96.89,96890000.0,2526648.876692216,20,237651.79200000002,118825.89600000001,85657,55.0,True,269
Project_109,Solar,Semi-Urban,104.7,92136000.0,3049159.146910124,29,183434.40000000002,91717.20000000001,309701,75.0,True,204
Project_110,Wind,Rural,82.32,98783999.99999999,2985596.242145184,18,252393.11999999997,126196.55999999998,91992,50.0,True,292
Project_111,Hybrid,Semi-Urban,39.27,43197000.0,1010543.1848313474,25,96321.456,48160.728,98243,55.0,False,98
Project_112,Wind,Rural,53.16,63791999.99999999,2065917.705913533,25,162988.55999999997,81494.27999999998,44513,55.0,True,188
Project_113,Solar,Urban,28.88,27724800.0,927558.508141267,23,50597.76,25298.88,128495,50.0,True,50
Project_114,Hybrid,Semi-Urban,136.45,150095000.0,3140628.9603426517,20,334684.56000000006,167342.28000000003,488589,70.0,False,356
Project_115,Solar,Semi-Urban,88.34,77739200.0,2262857.7719386686,21,154771.68000000002,77385.84000000001,305953,55.0,True,182
Project_116,Wind,Urban,61.33,88315200.0,2639524.371131811,21,188037.77999999997,94018.88999999998,275247,65.0,True,195
Project_117,Solar,Semi-Urban,70.38,61934400.00000001,2344415.014810106,20,123305.76,61652.88,241581,50.0,True,162
Project_118,Hybrid,Semi-Urban,142.2,156420000.0,3813022.61240366,23,348788.16000000003,174394.08000000002,478493,75.0,False,383
Project_119,Hybrid,Rural,24.7,24700000.0,518807.8822594766,23,60584.16,30292.08,22222,50.0,True,70
Project_120,Wind,Semi-Urban,88.76,117163200.00000001,2655712.725843986,22,272138.16000000003,136069.08000000002,262514,60.0,True,269
Project_121,Solar,Urban,76.87,73795200.0,2354734.4586382904,28,134676.24000000002,67338.12000000001,453539,70.0,True,177
Project_122,Hybrid,Rural,92.5,92500000.0,3357762.038563615,24,226884.00000000003,113442.00000000001,107004,60.0,True,224
Project_123,Wind,Rural,4.68,5616000.0,162405.016908455,23,14348.879999999997,7174.439999999999,4041,45.0,True,16
Project_124,Hybrid,Urban,131.07,157284000.0,3961013.670175442,23,321488.49600000004,160744.24800000002,589091,80.0,False,345
Project_125,Hybrid,Urban,139.95,167940000.0,4986464.460935612,24,343269.36000000004,171634.68000000002,626764,80.0,False,341
Project_126,Solar,Rural,85.64,68512000.0,1691552.480338774,24,150041.28,75020.64,80016,50.0,True,198
Project_127,Hybrid,Semi-Urban,105.1,115610000.00000001,2632148.5050376556,20,257789.28000000003,128894.64000000001,281406,70.0,False,283
Project_128,Solar,Rural,138.53,110824000.0,2358841.9630302964,23,242704.56000000003,121352.28000000001,133409,60.0,True,281
Project_129,Hybrid,Urban,106.67,128004000.0,2719485.200350825,23,261640.17600000004,130820.08800000002,604369,80.0,False,254
Project_130,Wind,Rural,24.58,29495999.999999996,1148020.914855472,24,75362.27999999998,37681.13999999999,19856,45.0,True,84
Project_131,Hybrid,Urban,87.29,104748000.0,2891843.0403623986,24,214104.91200000004,107052.45600000002,350189,70.0,False,205
Project_132,Solar,Rural,91.79,73432000.0,2722047.7981238095,26,160816.08000000002,80408.04000000001,108438,60.0,True,177
Project_133,Solar,Semi-Urban,64.77,56997600.00000001,2051763.3212008402,28,113477.04,56738.52,225229,65.0,True,128
Project_134,Wind,Rural,110.99,133188000.0,3824722.4395539886,19,340295.33999999997,170147.66999999998,90080,60.0,True,311
Project_135,Hybrid,Rural,140.29,140290000.0,5045227.733858166,25,344103.31200000003,172051.65600000002,152870,70.0,True,398
Project_136,Hybrid,Urban,138.98,166776000.0,6606737.770453919,21,340890.144,170445.072,704385,80.0,False,404
Project_137,Wind,Urban,68.72,98956800.0,3096144.4917157195,24,210695.51999999996,105347.75999999998,278604,65.0,True,217
Project_138,Hybrid,Urban,18.76,22512000.0,840531.1543431514,21,46014.528000000006,23007.264000000003,81858,60.0,False,42
Project_139,Hybrid,Rural,147.76,147760000.0,3580698.47190177,22,362425.728,181212.864,137525,70.0,True,407
Project_140,Solar,Semi-Urban,126.16,111020800.00000001,2838261.4414702556,26,221032.31999999998,110516.15999999999,446788,75.0,True,244
Project_141,Hybrid,Urban,20.45,24540000.0,721626.5952133634,20,50159.76,25079.88,112435,55.0,False,41
Project_142,Hybrid,Urban,138.28,165936000.0,4062850.5858174427,22,339173.18400000007,169586.59200000003,572097,80.0,False,408
Project_143,Wind,Rural,130.74,156888000.0,5504362.77836982,15,400848.84,200424.42,154252,60.0,True,345
Project_144,Wind,Urban,78.79,113457600.00000001,3679057.0478137936,15,241570.13999999998,120785.06999999999,352749,60.0,True,233
Project_145,Solar,Semi-Urban,89.51,78768800.0,2463840.144102586,21,156821.52000000002,78410.76000000001,238236,55.0,True,193
Project_146,Hybrid,Semi-Urban,61.05,67155000.0,1568457.5984572952,22,149743.44,74871.72,191006,65.0,False,167
Project_147,Hybrid,Urban,10.1,12120000.0,430936.75320892484,20,24773.280000000002,12386.640000000001,43708,55.0,False,23
Project_148,Hybrid,Urban,51.61,61932000.0,1270446.3249581815,24,126589.008,63294.504,238640,70.0,False,138
Project_149,Solar,Rural,120.82,96656000.0,2699900.6339846225,26,211676.64,105838.32,131211,70.0,True,200
Project_150,Solar,Semi-Urban,2.69,2367200.0,58841.46107214998,30,4712.88,2356.44,8706,55.0,True,4
Project_151,Wind,Semi-Urban,51.36,67795200.0,2170004.510176618,25,157469.75999999998,78734.87999999999,130724,60.0,True,183
Project_152,Solar,Urban,60.93,58492800.0,1576034.408068681,20,106749.36000000002,53374.68000000001,295922,55.0,True,115
Project_153,Hybrid,Rural,81.53,81530000.0,2686484.030065027,24,199976.78400000004,99988.39200000002,65636,60.0,True,197
Project_154,Hybrid,Semi-Urban,138.14,151954000.0,3359821.070996763,23,338829.792,169414.896,490803,75.0,False,364
Project_155,Solar,Semi-Urban,53.26,46868800.00000001,1600390.147202628,27,93311.52,46655.76,155656,65.0,True,116
Project_156,Hybrid,Rural,53.35,53350000.0,1355177.9169453566,25,130856.88000000002,65428.44000000001,59926,60.0,True,135
Project_157,Hybrid,Rural,111.15,111150000.0,3256414.394343511,23,272628.72000000003,136314.36000000002,125632,70.0,True,288
Project_158,Solar,Semi-Urban,68.93,60658400.000000015,2246439.1509143333,25,120765.36000000002,60382.68000000001,234146,55.0,True,115
Project_159,Solar,Semi-Urban,35.24,31011200.000000004,771473.9577087717,27,61740.48000000001,30870.240000000005,104227,55.0,True,73
Project_160,Hybrid,Rural,68.96,68960000.0,1843158.2181541848,23,169145.08800000002,84572.54400000001,68802,60.0,True,160
Project_161,Hybrid,Semi-Urban,22.85,25135000.000000004,609332.6486853549,23,56046.48,28023.24,76716,55.0,False,53
Project_162,Hybrid,Urban,28.11,33732000.0,1147686.6053241165,24,68948.20800000001,34474.10400000001,127971,60.0,False,56
Project_163,Wind,Urban,75.76,109094400.0,2368685.894340663,18,232280.16,116140.08,412145,60.0,True,226
Project_164,Wind,Rural,64.0,76800000.0,2596775.9453898594,18,196224.0,98112.0,67735,50.0,True,191
Project_165,Wind,Rural,137.4,164880000.0,3604452.728789085,15,421268.39999999997,210634.19999999998,122098,60.0,True,443
Project_166,Solar,Rural,55.63,44504000.0,1481057.536022894,24,97463.76000000001,48731.880000000005,52715,50.0,True,113
Project_167,Wind,Urban,87.93,126619200.00000001,3609923.047233683,20,269593.38,134796.69,482900,60.0,True,245
Project_168,Solar,Semi-Urban,95.58,84110400.0,2137945.780790773,27,167456.16,83728.08,258226,65.0,True,162
Project_169,Solar,Urban,3.94,3782400.0,99518.57086816487,23,6902.880000000001,3451.4400000000005,21613,50.0,True,9
Project_170,Wind,Semi-Urban,100.2,132264000.00000001,3151959.5050853337,17,307213.19999999995,153606.59999999998,329289,65.0,True,273
Project_171,Wind,Urban,28.35,40824000.0,1613860.1020435584,24,86921.09999999999,43460.549999999996,143146,55.0,True,77
Project_172,Wind,Semi-Urban,144.24,190396800.00000003,6978531.519334222,16,442239.84,221119.92,397452,65.0,True,408
Project_173,Hybrid,Urban,24.0,28800000.0,584149.4595394928,22,58867.200000000004,29433.600000000002,121638,60.0,False,54
Project_174,Wind,Rural,63.36,76032000.0,2362099.779272636,15,194261.75999999998,97130.87999999999,68363,50.0,True,161
Project_175,Hybrid,Urban,14.63,17556000.0,387140.5745401185,23,35884.46400000001,17942.232000000004,58878,60.0,False,33
Project_176,Solar,Semi-Urban,149.54,131595200.00000001,3791175.5916893585,27,261994.08,130997.04,391979,75.0,True,245
Project_177,Hybrid,Urban,76.32,91584000.0,2040651.1339230298,23,187197.696,93598.848,315254,70.0,False,190
Project_178,Wind,Urban,90.12,129772800.0,4229154.636782806,24,276307.92,138153.96,370142,65.0,True,232
Project_179,Solar,Urban,11.93,11452800.0,446458.9231359612,29,20901.36,10450.68,49752,60.0,True,21
Project_180,Solar,Rural,112.99,90392000.0,3189831.438198507,28,197958.47999999998,98979.23999999999,117795,70.0,True,252
Project_181,Solar,Urban,33.07,31747200.0,1127465.958870145,23,57938.64000000001,28969.320000000003,157438,50.0,True,76
Project_182,Hybrid,Rural,134.91,134910000.0,5019101.697732199,22,330907.248,165453.624,161354,70.0,True,311
Project_183,Wind,Rural,32.36,38832000.0,823417.2635878902,24,99215.75999999998,49607.87999999999,38315,45.0,True,81
Project_184,Solar,Urban,30.22,29011200.0,943162.833002641,23,52945.44,26472.72,136875,50.0,True,50
Project_185,Solar,Urban,7.41,7113600.0,167000.80114749848,23,12982.32,6491.16,30752,50.0,True,11
Project_186,Solar,Urban,71.87,68995200.0,2331169.9877539454,27,125916.24000000002,62958.12000000001,355025,70.0,True,116
Project_187,Hybrid,Semi-Urban,85.6,94160000.00000001,3214539.2188281957,22,209959.68000000002,104979.84000000001,277650,65.0,False,210
Project_188,Hybrid,Urban,11.72,14064000.0,346937.448196692,25,28746.816000000006,14373.408000000003,53081,60.0,False,32
Project_189,Wind,Rural,116.78,140136000.0,4655830.937865991,24,358047.48,179023.74,137037,65.0,True,339
Project_190,Hybrid,Urban,69.09,82908000.0,2030930.0380531102,24,169463.95200000002,84731.97600000001,296947,70.0,False,156
Project_191,Solar,Semi-Urban,79.61,70056800.0,1501190.8931728082,22,139476.72,69738.36,206914,55.0,True,146
Project_192,Wind,Urban,67.23,96811200.0,3719859.0832078364,24,206127.18,103063.59,327968,65.0,True,199
Project_193,Solar,Semi-Urban,61.31,53952800.00000001,1834107.8311751578,24,107415.12,53707.56,216498,55.0,True,122
Project_194,Solar,Semi-Urban,84.83,74650400.0,2146585.4853833043,27,148622.16,74311.08,264469,65.0,True,196
Project_195,Hybrid,Urban,24.98,29976000.0,792758.235654968,25,61270.94400000001,30635.472000000005,112428,60.0,False,52
Project_196,Wind,Rural,28.93,34716000.0,1274742.78480734,25,88699.37999999999,44349.689999999995,29800,45.0,True,102
Project_197,Hybrid,Semi-Urban,129.54,142494000.0,5190831.978436962,25,317735.712,158867.856,400472,75.0,False,357
Project_198,Hybrid,Urban,142.03,170436000.0,5012525.566234308,21,348371.18400000007,174185.59200000003,753187,80.0,False,414
Project_199,Wind,Urban,57.25,82440000.0,3292563.6990688103,17,175528.5,87764.25,278908,60.0,True,193
Project_200,Solar,Rural,42.07,33656000.0,989493.397055712,21,73706.64,36853.32,40527,40.0,True,78
Project_201,Solar,Semi-Urban,97.31,85632800.0,3181657.73052333,21,170487.12,85243.56,272055,55.0,True,209
Project_202,Wind,Semi-Urban,62.49,82486800.0,2742823.913982092,19,191594.34,95797.17,180005,55.0,True,207
Project_203,Solar,Urban,5.76,5529600.0,160892.10688408246,20,10091.52,5045.76,26663,45.0,True,10
Project_204,Wind,Urban,25.11,36158400.0,1348643.6572476295,21,76987.26,38493.63,141867,55.0,True,60
Project_205,Wind,Rural,107.96,129551999.99999999,3788039.1889025345,23,331005.36,165502.68,88708,65.0,True,326
Project_206,Hybrid,Rural,99.52,99520000.0,3496024.4538322138,24,244102.65600000002,122051.32800000001,104512,60.0,True,274
Project_207,Wind,Semi-Urban,6.01,7933200.000000001,201036.2109893366,18,18426.66,9213.33,15368,45.0,True,16
Project_208,Hybrid,Semi-Urban,34.85,38335000.0,1138328.5347215636,25,85480.08,42740.04,84847,55.0,False,91
Project_209,Solar,Urban,36.2,34752000.0,1188367.4547576841,23,63422.4,31711.2,167298,50.0,True,58
Project_210,Solar,Semi-Urban,101.44,89267200.0,1951754.4882527585,26,177722.88,88861.44,364241,75.0,True,236
Project_211,Solar,Rural,4.92,3936000.0,153272.62163852854,27,8619.84,4309.92,5210,50.0,True,8
Project_212,Solar,Rural,17.41,13928000.0,420311.3885177632,24,30502.320000000003,15251.160000000002,15832,40.0,True,39
Project_213,Hybrid,Urban,120.39,144468000.0,3593586.330777262,23,295292.592,147646.296,614293,80.0,False,286
Project_214,Solar,Rural,28.42,22736000.0,685827.2982251208,29,49791.840000000004,24895.920000000002,32732,50.0,True,65
Project_215,Wind,Rural,98.61,118332000.0,4195283.8759987075,19,302338.25999999995,151169.12999999998,112589,50.0,True,276
Project_216,Wind,Rural,37.25,44700000.0,1132852.3607818128,23,114208.5,57104.25,29838,45.0,True,121
Project_217,Wind,Rural,16.72,20064000.0,633991.6554847324,24,51263.51999999999,25631.759999999995,17789,45.0,True,57
Project_218,Hybrid,Urban,37.99,45588000.0,1402816.227527284,23,93181.87200000002,46590.93600000001,178182,60.0,False,96
Project_219,Solar,Urban,108.9,104544000.0,2879580.95815473,28,190792.80000000002,95396.40000000001,638775,80.0,True,249
Project_220,Solar,Semi-Urban,128.64,113203200.0,3558650.4565029033,23,225377.28,112688.64,344790,65.0,True,285
Project_221,Solar,Rural,124.87,99896000.0,2633610.8477069535,20,218772.24,109386.12,123520,55.0,True,291
Project_222,Hybrid,Semi-Urban,60.78,66858000.00000001,1853409.0646808422,23,149081.18400000004,74540.59200000002,194278,65.0,False,171
Project_223,Wind,Urban,100.88,145267200.0,4344444.120191178,17,309298.07999999996,154649.03999999998,410989,70.0,True,302
Project_224,Wind,Urban,32.34,46569600.00000001,1240609.211284041,24,99154.44,49577.22,135851,55.0,True,110
Project_225,Solar,Urban,45.39,43574400.0,1329848.0607397482,21,79523.28000000001,39761.64000000001,223039,50.0,True,98
Project_226,Wind,Urban,134.66,193910400.0,7255867.216950313,21,412867.55999999994,206433.77999999997,799868,75.0,True,335
Project_227,Wind,Urban,3.92,5644800.0,151118.20907947043,19,12018.719999999998,6009.359999999999,21110,50.0,True,12
Project_228,Hybrid,Urban,14.66,17592000.0,651727.7758573438,22,35958.048,17979.024,83835,60.0,False,34
Project_229,Hybrid,Urban,32.77,39324000.0,1279445.0183062023,22,80378.25600000001,40189.128000000004,189242,60.0,False,81
Project_230,Hybrid,Rural,5.93,5930000.0,122857.63324074962,24,14545.104,7272.552,4906,50.0,True,15
Project_231,Hybrid,Semi-Urban,28.85,31735000.000000004,1267766.23330031,22,70763.28000000001,35381.64000000001,95093,55.0,False,70
Project_232,Solar,Urban,88.29,84758400.0,2984122.3717337027,21,154684.08000000002,77342.04000000001,477453,60.0,True,148
Project_233,Hybrid,Rural,64.37,64370000.00000001,2180857.0969800106,21,157886.73600000003,78943.36800000002,74757,60.0,True,131
Project_234,Wind,Rural,134.12,160944000.0,4163195.6666988917,15,411211.92,205605.96,127405,60.0,True,345
Project_235,Solar,Semi-Urban,122.98,108222400.00000001,3056312.583966687,28,215460.96000000002,107730.48000000001,395769,75.0,True,214
Project_236,Wind,Urban,52.59,75729600.0,1634196.8321628228,17,161240.94,80620.47,301954,60.0,True,165
Project_237,Wind,Semi-Urban,40.39,53314800.00000001,1596956.600530937,18,123835.74,61917.87,125200,45.0,True,108
Project_238,Wind,Urban,58.19,83793600.0,2101505.511757652,25,178410.53999999998,89205.26999999999,262474,65.0,True,140
Project_239,Hybrid,Rural,89.36,89360000.0,3397841.4818559242,23,219182.208,109591.104,95708,60.0,True,192
Project_240,Hybrid,Rural,41.67,41670000.0,1621159.378154534,23,102208.176,51104.088,49798,50.0,True,95
Project_241,Solar,Rural,94.37,75496000.0,2552238.178733798,26,165336.24000000002,82668.12000000001,92740,60.0,True,173
Project_242,Solar,Rural,62.59,50072000.0,1856004.2617206567,26,109657.68000000001,54828.840000000004,52742,60.0,True,119
Project_243,Hybrid,Semi-Urban,83.7,92070000.0,2899858.6882309574,22,205299.36000000002,102649.68000000001,300585,65.0,False,192
Project_244,Wind,Urban,66.55,95832000.0,2675257.115260363,25,204042.3,102021.15,267277,65.0,True,228
Project_245,Solar,Urban,45.58,43756800.0,1672049.6784095776,20,79856.16,39928.08,250249,45.0,True,103
Project_246,Hybrid,Semi-Urban,142.37,156607000.0,5561869.351854933,22,349205.136,174602.568,381002,75.0,False,398
Project_247,Hybrid,Urban,115.01,138012000.0,4517458.131586983,21,282096.52800000005,141048.26400000002,602857,80.0,False,307
Project_248,Hybrid,Rural,22.74,22740000.0,803845.7082405371,25,55776.672000000006,27888.336000000003,24385,50.0,True,48
Project_249,Wind,Urban,130.53,187963200.0,7155397.022188162,16,400204.98,200102.49,690853,70.0,True,361
Project_250,Hybrid,Rural,74.14,74140000.0,1532272.9269310238,23,181850.59200000003,90925.29600000002,70132,60.0,True,158
Project_251,Hybrid,Semi-Urban,134.39,147829000.0,3922551.232703529,22,329631.792,164815.896,389543,75.0,False,295
Project_252,Hybrid,Urban,120.38,144456000.0,5421319.83915709,24,295268.064,147634.032,569603,80.0,False,301
Project_253,Hybrid,Semi-Urban,64.93,71423000.00000001,2614756.918147245,22,159260.30400000003,79630.15200000002,175854,65.0,False,183
Project_254,Solar,Urban,5.33,5116800.0,201334.2168186069,27,9338.160000000002,4669.080000000001,24466,60.0,True,12
Project_255,Solar,Rural,41.76,33408000.0,981080.3007758169,21,73163.52,36581.76,34665,40.0,True,92
Project_256,Hybrid,Semi-Urban,82.16,90376000.0,3362241.3317065584,21,201522.048,100761.024,268585,65.0,False,244
Project_257,Wind,Urban,95.75,137880000.0,3766261.27624079,23,293569.5,146784.75,534415,65.0,True,231
Project_258,Solar,Rural,40.17,32136000.0,722152.9528926319,28,70377.84000000001,35188.920000000006,38058,50.0,True,88
Project_259,Hybrid,Semi-Urban,22.62,24882000.000000004,788540.4840097841,22,55482.33600000001,27741.168000000005,76611,55.0,False,66
Project_260,Solar,Semi-Urban,125.57,110501600.00000001,3701442.3821492335,21,219998.64,109999.32,372412,65.0,True,263
Project_261,Solar,Urban,147.69,141782400.0,3765758.3570228787,28,258752.88,129376.44,770966,80.0,True,312
Project_262,Wind,Urban,79.8,114912000.0,4191657.322779583,25,244666.8,122333.4,464338,65.0,True,220
Project_263,Hybrid,Urban,27.41,32892000.0,734594.0982165256,23,67231.248,33615.624,112125,60.0,False,55
Project_264,Hybrid,Rural,42.3,42300000.0,944237.9266934426,23,103753.44000000002,51876.72000000001,37812,50.0,True,107
Project_265,Wind,Urban,4.72,6796800.0,197602.5177364485,21,14471.519999999999,7235.759999999999,25209,55.0,True,15
Project_266,Wind,Semi-Urban,137.32,181262400.0,5144686.424563217,23,421023.11999999994,210511.55999999997,451882,70.0,True,355
Project_267,Hybrid,Semi-Urban,19.43,21373000.0,707412.9143025562,23,47657.904,23828.952,66070,55.0,True,50
Project_268,Hybrid,Urban,87.32,104784000.0,2164242.8680363847,22,214178.496,107089.248,413989,70.0,False,213
Project_269,Wind,Urban,42.56,61286400.0,2274277.254540521,18,130488.96,65244.48,178697,50.0,True,137
Project_270,Solar,Semi-Urban,84.02,73937600.0,2812137.0775153833,28,147203.04,73601.52,266662,65.0,True,138
Project_271,Solar,Rural,98.41,78728000.0,1873424.9696363492,24,172414.32,86207.16,83536,50.0,True,224
Project_272,Wind,Urban,124.8,179712000.0,3923736.2868218864,22,382636.8,191318.4,552141,75.0,True,395
Project_273,Solar,Urban,32.55,31247999.999999993,656569.546023869,20,57027.600000000006,28513.800000000003,151911,45.0,True,77
Project_274,Wind,Semi-Urban,3.63,4791600.0,115497.26067709213,24,11129.58,5564.79,12326,50.0,True,11
Project_275,Solar,Urban,22.26,21369600.0,519687.88019922626,29,38999.520000000004,19499.760000000002,127758,60.0,True,41
Project_276,Solar,Rural,135.2,108159999.99999999,3869194.1692533237,22,236870.40000000002,118435.20000000001,140390,60.0,True,246
Project_277,Hybrid,Semi-Urban,131.34,144474000.0,5742920.395419968,21,322150.7520000001,161075.37600000005,400358,75.0,False,367
Project_278,Hybrid,Urban,90.42,108504000.0,3604627.9690475855,20,221782.17600000004,110891.08800000002,366342,65.0,False,182
Project_279,Solar,Semi-Urban,90.88,79974400.0,2541351.1825846178,23,159221.76,79610.88,219833,55.0,True,164
Project_280,Solar,Urban,100.43,96412800.0,3358478.2936301804,22,175953.36000000002,87976.68000000001,507389,70.0,True,220
Project_281,Hybrid,Urban,27.95,33540000.0,971503.0137322383,23,68555.76000000001,34277.880000000005,132037,60.0,False,72
Project_282,Hybrid,Urban,137.33,164796000.0,4956532.014438884,23,336843.02400000003,168421.51200000002,808987,80.0,False,280
Project_283,Hybrid,Rural,63.98,63980000.0,1946848.9743468624,25,156930.144,78465.072,62906,60.0,True,189
Project_284,Wind,Rural,58.7,70440000.0,2815609.0205698437,15,179974.19999999998,89987.09999999999,66854,50.0,True,170
Project_285,Solar,Semi-Urban,78.8,69344000.0,2066824.0684355432,21,138057.6,69028.8,275141,55.0,True,130
Project_286,Hybrid,Urban,8.95,10740000.0,283989.61888151086,20,21952.56,10976.28,38455,55.0,False,19
Project_287,Solar,Urban,26.61,25545600.0,834358.4953660805,29,46620.72,23310.36,135623,60.0,True,49
Project_288,Wind,Rural,111.23,133476000.0,4085852.0886596697,24,341031.18,170515.59,109170,65.0,True,347
Project_289,Wind,Urban,14.25,20520000.0,735886.6366089155,16,43690.5,21845.25,60260,50.0,True,45
Project_290,Hybrid,Rural,91.27,91270000.0,3141221.1838667816,24,223867.056,111933.528,80866,60.0,True,223
Project_291,Wind,Urban,38.31,55166400.0,1559900.0998594817,18,117458.46,58729.23,216636,50.0,True,110
Project_292,Solar,Semi-Urban,59.62,52465600.00000001,1377272.734232192,21,104454.23999999999,52227.119999999995,165447,55.0,True,107
Project_293,Hybrid,Urban,44.73,53676000.0,1810836.117994509,21,109713.744,54856.872,221348,60.0,True,93
Project_294,Solar,Urban,54.64,52454400.0,1146894.5809361076,21,95729.28000000001,47864.64000000001,229112,60.0,True,119
Project_295,Solar,Rural,108.42,86736000.0,2699867.44248666,22,189951.84000000003,94975.92000000001,112169,60.0,True,222
Project_296,Wind,Urban,45.97,66196800.0,2210990.6816566167,20,140944.02,70472.01,221649,50.0,True,158
Project_297,Wind,Urban,85.83,123595200.0,4617744.455158037,21,263154.77999999997,131577.38999999998,467097,65.0,True,305
Project_298,Wind,Rural,72.46,86951999.99999999,2282401.1334693935,24,222162.36,111081.18,60970,55.0,True,218
Project_299,Wind,Semi-Urban,100.22,132290400.00000001,4383406.164336477,17,307274.51999999996,153637.25999999998,267496,65.0,True,253
Project_300,Wind,Semi-Urban,140.65,185658000.00000003,5077972.9907028945,23,431232.89999999997,215616.44999999998,466272,70.0,True,434
Project_301,Hybrid,Rural,110.42,110420000.0,4074840.658277546,23,270838.17600000004,135419.08800000002,131379,70.0,True,311
Project_302,Solar,Rural,33.81,27048000.0,906095.4017412255,29,59235.12000000001,29617.560000000005,34577,50.0,True,70
Project_303,Solar,Rural,6.62,5296000.0,193776.48687252752,30,11598.240000000002,5799.120000000001,6004,50.0,True,11
Project_304,Solar,Rural,40.82,32656000.0,1254994.5857371858,24,71516.64,35758.32,38387,40.0,True,71
Project_305,Solar,Rural,90.07,72056000.0,2257256.6560825147,22,157802.64,78901.32,86495,50.0,True,154
Project_306,Wind,Semi-Urban,9.61,12685200.000000002,500256.1651101846,25,29464.259999999995,14732.129999999997,24122,50.0,True,29
Project_307,Solar,Semi-Urban,75.46,66404800.0,1885673.8556386617,26,132205.92,66102.96,211972,65.0,True,143
Project_308,Hybrid,Rural,90.33,90330000.0,2392630.132828885,25,221561.424,110780.712,106278,60.0,True,234
Project_309,Hybrid,Urban,51.47,61764000.0,1427464.7430774963,20,126245.61600000001,63122.808000000005,283541,65.0,False,105
Project_310,Solar,Rural,116.1,92880000.0,2363058.242171456,21,203407.2,101703.6,123620,60.0,True,230
Project_311,Solar,Urban,17.78,17068800.0,482768.3877034531,27,31150.560000000005,15575.280000000002,78785,60.0,True,35
Project_312,Hybrid,Rural,13.12,13120000.0,375209.33740360645,22,32180.736,16090.368,11982,50.0,True,35
Project_313,Hybrid,Rural,109.77,109770000.0,3352231.138833037,23,269243.856,134621.928,101358,70.0,True,243
Project_314,Wind,Semi-Urban,75.33,99435600.00000001,2097657.5382884103,24,230961.77999999997,115480.88999999998,199271,60.0,True,266
Project_315,Hybrid,Urban,103.88,124656000.0,4398264.812440283,21,254796.864,127398.432,475655,80.0,False,220
Project_316,Wind,Urban,66.35,95544000.0,3338334.348179475,22,203429.09999999998,101714.54999999999,288714,65.0,True,189
Project_317,Wind,Semi-Urban,38.47,50780400.00000001,1523678.4412612629,18,117949.01999999999,58974.509999999995,130798,45.0,True,129
Project_318,Wind,Semi-Urban,123.23,162663600.0,4545052.533185853,16,377823.18,188911.59,405482,65.0,True,360
Project_319,Wind,Semi-Urban,120.31,158809200.0,6101965.385867611,22,368870.46,184435.23,413208,70.0,True,371
Project_320,Wind,Semi-Urban,104.82,138362400.0,3886386.4183013407,24,321378.11999999994,160689.05999999997,332087,70.0,True,287
Project_321,Solar,Urban,42.28,40588800.0,828706.8540588745,26,74074.56,37037.28,196582,60.0,True,94
Project_322,Hybrid,Urban,89.35,107220000.0,3131031.7964210836,24,219157.68000000002,109578.84000000001,480633,70.0,False,211
Project_323,Wind,Rural,55.42,66504000.0,2453311.757302332,21,169917.72,84958.86,49729,55.0,True,172
Project_324,Hybrid,Rural,15.55,15550000.0,335459.24420716945,24,38141.04,19070.52,17854,50.0,True,42
Project_325,Hybrid,Semi-Urban,137.76,151536000.0,4040157.735562385,21,337897.728,168948.864,358418,75.0,False,345
Project_326,Wind,Semi-Urban,22.25,29370000.000000004,899077.2717218538,16,68218.5,34109.25,58577,45.0,True,74
Project_327,Solar,Semi-Urban,142.64,125523200.0,4336523.059146533,25,249905.28,124952.64,482513,65.0,True,321
Project_328,Wind,Rural,68.01,81612000.0,1800041.6624199757,18,208518.66000000003,104259.33000000002,61371,50.0,True,177
Project_329,Solar,Rural,29.4,23520000.0,828005.2750252581,22,51508.8,25754.4,31228,40.0,True,51
Project_330,Hybrid,Rural,82.2,82200000.0,2456328.389128587,25,201620.16000000003,100810.08000000002,90566,60.0,True,226
Project_331,Solar,Rural,131.2,104959999.99999999,3529035.3976784986,27,229862.40000000002,114931.20000000001,151249,70.0,True,277
Project_332,Solar,Rural,110.37,88296000.0,2336679.8980828435,29,193368.24000000002,96684.12000000001,131162,70.0,True,204
Project_333,Solar,Rural,121.37,97096000.0,2074526.4510980786,27,212640.24,106320.12,118564,70.0,True,223
Project_334,Hybrid,Rural,99.5,99500000.0,3166925.3160937317,22,244053.60000000003,122026.80000000002,93607,60.0,True,206
Project_335,Hybrid,Semi-Urban,104.46,114906000.00000001,3336672.2884478127,23,256219.488,128109.744,257835,75.0,False,295
Project_336,Solar,Semi-Urban,127.68,112358400.00000001,3695841.861103796,21,223695.36000000002,111847.68000000001,456180,65.0,True,213
Project_337,Solar,Semi-Urban,38.95,34276000.00000001,1033125.1301387731,29,68240.40000000001,34120.200000000004,115107,55.0,True,79
Project_338,Wind,Semi-Urban,74.43,98247600.00000003,2848657.1404562565,15,228202.38,114101.19,250961,55.0,True,236
Project_339,Solar,Rural,34.74,27792000.0,892126.4428095046,25,60864.48000000001,30432.240000000005,34759,40.0,True,82
Project_340,Wind,Urban,148.17,213364799.99999997,4708969.146868433,22,454289.22,227144.61,859127,75.0,True,416
Project_341,Solar,Rural,141.72,113376000.0,3411594.951883451,21,248293.44,124146.72,123158,60.0,True,254
Project_342,Wind,Urban,7.84,11289600.0,449548.71602548606,22,24037.439999999995,12018.719999999998,39577,55.0,True,24
Project_343,Hybrid,Semi-Urban,106.43,117073000.00000001,3214478.0020109736,22,261051.50400000004,130525.75200000002,291562,75.0,False,256
Project_344,Solar,Rural,138.94,111152000.0,3732256.788712771,25,243422.88,121711.44,114062,60.0,True,292
Project_345,Solar,Semi-Urban,28.73,25282400.000000004,538976.1972928306,25,50334.96000000001,25167.480000000003,72210,45.0,True,61
Project_346,Solar,Rural,86.06,68848000.0,1723948.1160669946,24,150777.12,75388.56,98162,50.0,True,204
Project_347,Solar,Semi-Urban,137.49,120991200.00000001,4533007.0849659825,29,240882.48000000004,120441.24000000002,384976,75.0,True,284
Project_348,Wind,Urban,7.02,10108800.0,387520.13129762834,17,21523.319999999996,10761.659999999998,32435,50.0,True,22
Project_349,Solar,Urban,105.22,101011200.0,2812066.926945919,30,184345.44,92172.72,546100,80.0,True,247
Project_350,Hybrid,Urban,46.01,55212000.0,1721424.1066773562,22,112853.32800000001,56426.664000000004,243254,60.0,True,107
Project_351,Hybrid,Rural,138.81,138810000.0,4636577.149665349,21,340473.16800000006,170236.58400000003,157075,70.0,True,380
Project_352,Solar,Urban,145.72,139891200.0,5350692.872466951,30,255301.44,127650.72,610115,80.0,True,311
Project_353,Hybrid,Rural,141.75,141750000.0,3860782.6531431344,24,347684.4,173842.2,133959,70.0,True,309
Project_354,Solar,Urban,72.18,69292800.0,1859447.820894627,23,126459.36000000002,63229.68000000001,399322,60.0,True,126
Project_355,Solar,Urban,129.58,124396800.00000001,2873429.6737946114,22,227024.16000000003,113512.08000000002,594977,70.0,True,289
Project_356,Hybrid,Rural,126.99,126990000.0,4497667.614778205,24,311481.072,155740.536,144012,70.0,True,366
Project_357,Solar,Rural,49.23,39384000.0,1309068.4216927185,20,86250.96,43125.48,56641,35.0,True,103
Project_358,Hybrid,Urban,124.68,149616000.0,4119586.4038596572,24,305815.10400000005,152907.55200000003,539177,80.0,False,353
Project_359,Wind,Rural,7.48,8976000.0,324759.52854964737,24,22933.68,11466.84,6479,45.0,True,21
Project_360,Solar,Urban,90.25,86640000.0,2364058.0248057963,26,158118.0,79059.0,490885,70.0,True,214
Project_361,Wind,Rural,36.04,43248000.0,1111411.2645500023,24,110498.63999999998,55249.31999999999,39622,45.0,True,105
Project_362,Hybrid,Semi-Urban,19.84,21824000.0,540872.2656777244,24,48663.552,24331.776,70604,55.0,True,55
Project_363,Wind,Semi-Urban,13.39,17674800.0,483526.3073687162,18,41053.74,20526.87,47354,45.0,True,47
Project_364,Wind,Semi-Urban,105.05,138666000.0,4907219.324964904,22,322083.3,161041.65,350210,70.0,True,315
Project_365,Hybrid,Semi-Urban,52.3,57530000.00000001,2262388.1370787635,23,128281.44000000002,64140.72000000001,176788,65.0,False,146
Project_366,Wind,Semi-Urban,109.27,144236400.0,5403101.0828489605,17,335021.81999999995,167510.90999999997,269090,65.0,True,325
Project_367,Wind,Urban,11.67,16804800.0,522474.92637416965,20,35780.219999999994,17890.109999999997,49074,50.0,True,39
Project_368,Hybrid,Semi-Urban,48.66,53526000.00000001,1375685.6578107926,20,119353.248,59676.624,161343,50.0,True,110
Project_369,Wind,Semi-Urban,81.84,108028800.00000001,2478933.969767717,23,250921.44,125460.72,239379,60.0,True,289
Project_370,Hybrid,Semi-Urban,119.03,130933000.00000001,4757328.147978566,21,291956.78400000004,145978.39200000002,412028,75.0,False,348
Project_371,Wind,Semi-Urban,49.18,64917600.00000001,1367498.185972339,21,150785.87999999998,75392.93999999999,147658,50.0,True,131
Project_372,Hybrid,Rural,94.63,94630000.0,2602159.725710467,20,232108.464,116054.232,76770,55.0,True,277
Project_373,Hybrid,Urban,133.12,159744000.0,5271426.391037796,25,326516.73600000003,163258.36800000002,743177,80.0,False,284
Project_374,Wind,Semi-Urban,93.15,122958000.00000001,4715183.969383215,19,285597.89999999997,142798.94999999998,276371,55.0,True,316
Project_375,Wind,Semi-Urban,36.48,48153599.99999999,1395107.5187510299,22,111847.68,55923.84,87781,50.0,True,91
Project_376,Wind,Semi-Urban,5.61,7405200.000000001,180043.33027474117,19,17200.260000000002,8600.130000000001,14470,45.0,True,19
Project_377,Solar,Urban,130.77,125539200.00000001,3835904.252636294,29,229109.04000000004,114554.52000000002,552159,80.0,True,239
Project_378,Solar,Rural,5.15,4120000.0000000005,92440.3036410701,24,9022.800000000001,4511.400000000001,4611,40.0,True,10
Project_379,Solar,Urban,131.46,126201600.0,3677801.396026129,29,230317.92000000004,115158.96000000002,554986,80.0,True,305
Project_380,Hybrid,Rural,80.28,80280000.0,2466287.956094657,24,196910.78400000004,98455.39200000002,84517,60.0,True,206
Project_381,Wind,Semi-Urban,140.98,186093600.00000003,4805949.055685075,17,432244.67999999993,216122.33999999997,338616,65.0,True,398
Project_382,Hybrid,Semi-Urban,120.22,132242000.00000001,3746594.638511355,24,294875.61600000004,147437.80800000002,384372,75.0,False,250
Project_383,Solar,Urban,149.69,143702400.0,3068561.622647523,25,262256.88,131128.44,756251,70.0,True,300
Project_384,Wind,Urban,53.91,77630399.99999999,2412988.754540109,23,165288.05999999997,82644.02999999998,257738,65.0,True,159
Project_385,Hybrid,Rural,115.54,115540000.0,3204805.3577854177,25,283396.51200000005,141698.25600000002,109684,70.0,True,317
Project_386,Wind,Rural,61.49,73788000.0,2639426.2992246575,20,188528.34,94264.17,57672,50.0,True,201
Project_387,Hybrid,Urban,73.02,87624000.0,1934148.854515856,25,179103.456,89551.728,377061,70.0,False,201
Project_388,Wind,Rural,94.87,113844000.0,2377827.0419655936,17,290871.42,145435.71,96616,50.0,True,320
Project_389,Solar,Urban,131.3,126048000.00000001,4614323.983354772,22,230037.6,115018.8,704997,70.0,True,313
Project_390,Solar,Rural,147.64,118111999.99999999,3854551.689008656,27,258665.28,129332.64,166035,70.0,True,243
Project_391,Wind,Urban,115.7,166608000.0,3455395.9063520846,22,354736.19999999995,177368.09999999998,509448,75.0,True,387
Project_392,Hybrid,Urban,63.83,76596000.0,2015387.548650575,20,156562.224,78281.112,294904,65.0,False,153
Project_393,Solar,Urban,64.36,61785600.0,1820697.7737154877,28,112758.72,56379.36,262153,70.0,True,136
Project_394,Solar,Rural,111.16,88928000.0,2413459.9905294557,24,194752.32,97376.16,123647,60.0,True,254
Project_395,Solar,Rural,37.34,29872000.000000004,760670.5291566727,25,65419.68000000001,32709.840000000004,41810,40.0,True,72
Project_396,Wind,Rural,18.35,22020000.0,767752.7135108412,21,56261.1,28130.55,21246,45.0,True,52
Project_397,Wind,Urban,54.48,78451199.99999999,2347578.771314025,17,167035.68,83517.84,272130,60.0,True,191
Project_398,Hybrid,Rural,44.51,44510000.0,1127634.763403103,24,109174.128,54587.064,37078,50.0,True,107
Project_399,Hybrid,Rural,45.85,45850000.0,1469449.6750273185,23,112460.88,56230.44,51761,50.0,True,116
Project_400,Hybrid,Urban,36.57,43884000.0,967728.1317022061,22,89698.89600000001,44849.448000000004,170264,60.0,False,83
Project_401,Wind,Semi-Urban,8.23,10863600.0,348204.80630028294,22,25233.18,12616.59,23960,50.0,True,26
Project_402,Wind,Urban,4.65,6696000.0,193799.60402304085,20,14256.9,7128.45,25359,50.0,True,16
Project_403,Hybrid,Rural,148.18,148180000.0,5921719.111560208,24,363455.90400000004,181727.95200000002,134817,70.0,True,441
Project_404,Hybrid,Urban,65.31,78372000.0,1685062.5236490404,20,160192.36800000002,80096.18400000001,344511,65.0,False,154
Project_405,Wind,Semi-Urban,58.88,77721600.0,1803120.487383532,25,180526.08000000002,90263.04000000001,143512,60.0,True,201
Project_406,Hybrid,Urban,102.59,123108000.0,4385875.079423574,25,251632.75200000004,125816.37600000002,417500,80.0,False,212
Project_407,Solar,Rural,34.3,27439999.999999996,749841.066041203,30,60093.600000000006,30046.800000000003,32692,50.0,True,70
Project_408,Wind,Semi-Urban,142.59,188218800.00000003,4341974.93975959,24,437180.94,218590.47,419201,70.0,True,405
Project_409,Hybrid,Rural,118.38,118380000.0,4174278.795430317,23,290362.46400000004,145181.23200000002,121880,70.0,True,299
Project_410,Wind,Semi-Urban,15.23,20103600.0,528477.5831603571,21,46695.18,23347.59,41645,50.0,True,54
Project_411,Solar,Semi-Urban,63.8,56144000.00000001,1948954.5862122602,20,111777.6,55888.8,191326,50.0,True,121
Project_412,Wind,Urban,132.11,190238400.00000003,4252821.267291066,23,405049.26,202524.63,733201,75.0,True,428
Project_413,Wind,Urban,141.82,204220800.0,8153985.605926699,18,434820.11999999994,217410.05999999997,648281,70.0,True,496
Project_414,Wind,Rural,71.18,85416000.00000001,2050288.663481951,22,218237.88,109118.94,60808,55.0,True,177
Project_415,Wind,Urban,92.78,133603200.0,5073391.885718777,17,284463.48,142231.74,453714,60.0,True,232
Project_416,Solar,Urban,26.72,25651200.0,1009406.1357239237,30,46813.44,23406.72,159602,60.0,True,57
Project_417,Wind,Semi-Urban,148.69,196270800.00000003,6084383.602699401,16,455883.5399999999,227941.76999999996,408664,65.0,True,410
Project_418,Wind,Urban,36.29,52257600.0,1789100.7086713465,17,111265.13999999998,55632.56999999999,212465,50.0,True,114
Project_419,Hybrid,Semi-Urban,141.52,155672000.0,4697420.4872554755,22,347120.2560000001,173560.12800000006,360258,75.0,False,311
Project_420,Wind,Semi-Urban,98.15,129558000.00000001,3204581.331276768,17,300927.89999999997,150463.94999999998,293745,55.0,True,278
Project_421,Hybrid,Semi-Urban,91.95,101145000.00000001,2769170.39669242,24,225534.96000000002,112767.48000000001,309356,65.0,False,234
Project_422,Solar,Rural,77.88,62304000.0,2347921.812471683,29,136445.75999999998,68222.87999999999,64352,60.0,True,149
Project_423,Solar,Rural,36.14,28912000.0,882218.2554490728,27,63317.280000000006,31658.640000000003,40031,50.0,True,81
Project_424,Solar,Rural,28.13,22504000.0,506487.078159218,21,49283.76,24641.88,26071,40.0,True,46
Project_425,Solar,Semi-Urban,34.63,30474400.000000007,1024006.2684930321,27,60671.76000000001,30335.880000000005,97428,55.0,True,79
Project_426,Hybrid,Rural,29.59,29590000.0,970430.0473991912,24,72578.352,36289.176,25825,50.0,True,87
Project_427,Wind,Rural,117.38,140856000.0,4233747.630082263,21,359887.07999999996,179943.53999999998,134668,65.0,True,398
Project_428,Solar,Urban,53.82,51667200.0,1191461.61453552,28,94292.64000000001,47146.32000000001,233003,70.0,True,100
Project_429,Wind,Rural,10.56,12672000.0,341136.0899887243,18,32376.96,16188.48,12422,40.0,True,36
Project_430,Hybrid,Rural,145.43,145430000.0,3637510.6017050426,20,356710.704,178355.352,153286,65.0,True,370
Project_431,Hybrid,Semi-Urban,132.8,146080000.00000003,4747665.331208203,21,325731.84,162865.92,416635,75.0,False,278
Project_432,Hybrid,Semi-Urban,139.31,153241000.0,3581658.684394407,25,341699.5680000001,170849.78400000004,491754,75.0,False,300
Project_433,Solar,Semi-Urban,149.25,131340000.00000001,4267181.929550754,30,261486.0,130743.0,519748,75.0,True,279
Project_434,Wind,Semi-Urban,27.74,36616800.0,762504.0714639293,24,85050.84,42525.42,95329,50.0,True,69
Project_435,Wind,Semi-Urban,60.64,80044800.0,2835222.6261135843,25,185922.24,92961.12,164794,60.0,True,160
Project_436,Wind,Semi-Urban,114.22,150770400.0,4271587.120152422,24,350198.51999999996,175099.25999999998,361710,70.0,True,342
Project_437,Hybrid,Rural,105.01,105010000.0,3246021.8309459714,25,257568.52800000005,128784.26400000002,110970,70.0,True,241
Project_438,Solar,Semi-Urban,24.78,21806400.0,787075.0353217992,23,43414.560000000005,21707.280000000002,79840,45.0,True,45
Project_439,Hybrid,Semi-Urban,122.74,135014000.0,4559729.455317125,20,301056.672,150528.336,317859,70.0,False,296
Project_440,Hybrid,Urban,35.22,42264000.0,1017736.5729048697,23,86387.61600000001,43193.808000000005,183613,60.0,False,81
Project_441,Wind,Rural,35.13,42156000.0,1462138.4972708095,20,107708.58000000002,53854.29000000001,40199,40.0,True,125
Project_442,Hybrid,Rural,81.47,81470000.0,2868827.5425192574,21,199829.616,99914.808,81958,60.0,True,171
Project_443,Wind,Rural,89.76,107712000.0,3159133.862821621,18,275204.16000000003,137602.08000000002,81411,50.0,True,242
Project_444,Solar,Semi-Urban,87.85,77308000.0,1624403.877969937,21,153913.2,76956.6,310502,55.0,True,201
Project_445,Wind,Semi-Urban,15.54,20512800.0,512110.3721480641,21,47645.63999999999,23822.819999999996,53432,50.0,True,40
Project_446,Solar,Semi-Urban,131.86,116036800.00000003,4487726.802908564,25,231018.72000000003,115509.36000000002,430569,65.0,True,231
Project_447,Wind,Urban,41.31,59486400.0,1782528.4668238512,17,126656.46,63328.23,207766,50.0,True,123
Project_448,Hybrid,Semi-Urban,21.17,23287000.000000004,697385.2309691469,22,51925.776000000005,25962.888000000003,53095,55.0,False,50
Project_449,Hybrid,Urban,133.53,160236000.0,6302679.97866413,23,327522.384,163761.192,591576,80.0,False,314
Project_450,Solar,Rural,143.44,114752000.0,2940764.0508207823,20,251306.88,125653.44,149035,55.0,True,326
Project_451,Solar,Semi-Urban,129.59,114039200.00000001,3354090.9657725273,30,227041.68000000005,113520.84000000003,394475,75.0,True,295
Project_452,Solar,Urban,121.81,116937600.0,2651992.618131914,26,213411.12000000002,106705.56000000001,551670,80.0,True,230
Project_453,Wind,Urban,98.98,142531200.0,3893773.7995830257,21,303472.68,151736.34,475219,65.0,True,305
Project_454,Wind,Semi-Urban,83.53,110259600.00000001,3004626.530522129,18,256102.98,128051.49,229400,55.0,True,239
Project_455,Solar,Rural,14.87,11896000.0,419787.0269711464,27,26052.24,13026.12,13559,50.0,True,35
Project_456,Hybrid,Rural,62.45,62450000.0,2012192.8833305459,25,153177.36000000002,76588.68000000001,53174,60.0,True,130
Project_457,Wind,Rural,57.16,68592000.0,2462311.8137821164,20,175252.55999999997,87626.27999999998,53480,50.0,True,201
Project_458,Wind,Urban,40.44,58233600.0,1396509.1410234552,17,123989.03999999998,61994.51999999999,202937,50.0,True,121
Project_459,Wind,Urban,109.07,157060799.99999997,3263453.1733960863,15,334408.61999999994,167204.30999999997,591942,70.0,True,366
Project_460,Solar,Urban,75.39,72374400.0,2108973.4556992487,28,132083.28,66041.64,392971,70.0,True,151
Project_461,Solar,Urban,13.99,13430400.0,518781.0933132396,25,24510.480000000003,12255.240000000002,64872,50.0,True,26
Project_462,Solar,Rural,34.59,27672000.000000004,962608.9069158557,29,60601.68000000001,30300.840000000004,31812,50.0,True,64
Project_463,Solar,Semi-Urban,103.12,90745600.0,2781061.9453196866,28,180666.24000000002,90333.12000000001,335190,75.0,True,189
Project_464,Solar,Urban,13.27,12739200.0,348635.67622884025,20,23249.04,11624.52,70962,45.0,True,31
Project_465,Hybrid,Urban,127.98,153576000.0,4016558.6198023586,24,313909.34400000004,156954.67200000002,741968,80.0,False,367
Project_466,Hybrid,Rural,75.28,75280000.0,1545719.9565135473,25,184646.78400000004,92323.39200000002,74514,60.0,True,223
Project_467,Solar,Semi-Urban,73.13,64354400.00000001,2030554.29930404,29,128123.76,64061.88,238819,65.0,True,151
Project_468,Wind,Semi-Urban,89.68,118377600.00000003,3608699.3075702344,17,274958.88,137479.44,292842,55.0,True,298
Project_469,Solar,Rural,124.05,99240000.0,2278105.2258344986,26,217335.6,108667.8,133017,70.0,True,201
Project_470,Hybrid,Rural,53.48,53480000.0,1187144.2496185221,25,131175.744,65587.872,43189,60.0,True,123
Project_471,Hybrid,Semi-Urban,102.35,112585000.00000001,3181562.279211726,21,251044.08000000002,125522.04000000001,270681,75.0,False,256
Project_472,Wind,Urban,85.73,123451200.0,4741812.317799011,24,262848.18,131424.09,492573,65.0,True,281
Project_473,Hybrid,Semi-Urban,41.52,45672000.0,1558123.3280567084,20,101840.25600000001,50920.128000000004,125490,50.0,True,106
Project_474,Solar,Rural,132.04,105632000.0,3123265.674250603,30,231334.08,115667.04,125534,70.0,True,312
Project_475,Wind,Urban,120.02,172828800.0,6609402.483670072,22,367981.31999999995,183990.65999999997,562252,75.0,True,339
Project_476,Solar,Urban,99.45,95472000.0,3137800.127902972,30,174236.40000000002,87118.20000000001,535700,70.0,True,207
Project_477,Solar,Rural,127.89,102312000.0,4005182.0735868616,23,224063.28,112031.64,116584,60.0,True,235
Project_478,Wind,Rural,130.36,156432000.00000003,5541366.665238366,19,399683.76,199841.88,141044,60.0,True,420
Project_479,Solar,Rural,106.84,85472000.0,2251402.1311643356,27,187183.68000000002,93591.84000000001,100378,70.0,True,250
Project_480,Hybrid,Semi-Urban,125.88,138468000.0,3526662.363988999,25,308758.46400000004,154379.23200000002,320521,75.0,False,336
Project_481,Solar,Semi-Urban,105.23,92602400.00000001,3511039.371274653,26,184362.96000000002,92181.48000000001,302371,75.0,True,197
Project_482,Wind,Urban,102.66,147830400.0,3815362.6345035294,17,314755.56,157377.78,469696,70.0,True,334
Project_483,Wind,Rural,93.55,112260000.0,4319786.42551916,20,286824.3,143412.15,99386,50.0,True,308
Project_484,Wind,Urban,113.4,163296000.0,3925857.9460765724,18,347684.39999999997,173842.19999999998,575749,70.0,True,399
Project_485,Solar,Urban,25.47,24451200.0,556153.7694485666,24,44623.44,22311.72,133242,50.0,True,52
Project_486,Wind,Urban,132.37,190612800.0,4005786.8149479222,18,405846.42,202923.21,769118,70.0,True,353
Project_487,Wind,Urban,131.03,188683200.0,3971747.8002002346,18,401737.98,200868.99,632429,70.0,True,427
Project_488,Solar,Rural,6.33,5064000.0,170271.12440096727,21,11090.160000000002,5545.080000000001,5412,40.0,True,15
Project_489,Hybrid,Urban,124.22,149064000.0,4194385.047147693,21,304686.816,152343.408,729179,80.0,False,357
Project_490,Solar,Rural,21.07,16856000.0,556429.6038046523,27,36914.64000000001,18457.320000000003,23226,50.0,True,38
Project_491,Wind,Rural,51.6,61920000.0,2038279.98151531,19,158205.59999999998,79102.79999999999,60019,50.0,True,129
Project_492,Wind,Semi-Urban,112.04,147892800.0,3644729.90958708,24,343514.64,171757.32,368210,70.0,True,383
Project_493,Solar,Rural,25.79,20632000.0,789475.1140004079,20,45184.08,22592.04,22437,35.0,True,59
Project_494,Hybrid,Semi-Urban,123.06,135366000.0,5235747.3620705735,21,301841.568,150920.784,300710,75.0,False,349
Project_495,Wind,Rural,125.16,150192000.0,3563490.3324340493,22,383740.55999999994,191870.27999999997,137626,65.0,True,431
Project_496,Wind,Rural,77.11,92532000.0,3473175.976275626,19,236419.25999999998,118209.62999999999,61973,50.0,True,237
Project_497,Wind,Rural,2.95,3540000.0,136534.60309800482,16,9044.699999999999,4522.349999999999,2755,40.0,True,8
Project_498,Solar,Semi-Urban,44.48,39142400.0,1208169.6969516107,30,77928.96,38964.48,133115,55.0,True,104
Project_499,Wind,Semi-Urban,93.31,123169200.00000001,3616298.874037791,23,286088.45999999996,143044.22999999998,245533,60.0,True,236
Project_500,Hybrid,Urban,147.22,176664000.0,6116528.9664318655,21,361101.216,180550.608,779761,80.0,False,400
